{
    "DataType": "MoneyData",
    "DataVersion": 0,
    "GameVersion": "0.3.3f12",
    "OnlineBalance": 5771.216796875,
    "Networth": 94898.96875,
    "LifetimeEarnings": 182070.703125,
    "WeeklyDepositSum": 4014.0
}