{
    "DataType": "MoneyData",
    "DataVersion": 0,
    "GameVersion": "0.3.3f12",
    "OnlineBalance": 20948.216796875,
    "Networth": 114677.171875,
    "LifetimeEarnings": 219532.203125,
    "WeeklyDepositSum": 4014.0
}