{
    "Gender": 0,
    "Weight": 0.4580645263195038,
    "SkinColor": {
        "r": 0.17000000178813935,
        "g": 0.15000000596046449,
        "b": 0.12999999523162843,
        "a": 1.0
    },
    "HairStyle": "Avatar/Hair/Balding/Balding",
    "HairColor": {
        "r": 0.30000001192092898,
        "g": 0.28999999165534975,
        "b": 0.8600000143051148,
        "a": 1.0
    },
    "Mouth": "Avatar/Layers/Face/Face_SmugPout",
    "FacialHair": "Avatar/Layers/Face/FacialHair_Goatee",
    "FacialDetails": "Avatar/Layers/Face/Freckles",
    "FacialDetailsIntensity": 0.7354838848114014,
    "EyeballColor": {
        "r": 1.0,
        "g": 0.8999999761581421,
        "b": 0.7400000095367432,
        "a": 1.0
    },
    "UpperEyeLidRestingPosition": 0.08387096971273422,
    "LowerEyeLidRestingPosition": 0.10000000149011612,
    "PupilDilation": 0.2758064568042755,
    "EyebrowScale": 1.7000000476837159,
    "EyebrowThickness": 2.5,
    "EyebrowRestingHeight": 1.0,
    "EyebrowRestingAngle": -10.0,
    "Top": "",
    "TopColor": {
        "r": 0.8299999833106995,
        "g": 0.9900000095367432,
        "b": 0.27000001072883608,
        "a": 1.0
    },
    "Bottom": "Avatar/Layers/Bottom/Jorts",
    "BottomColor": {
        "r": 0.3199999928474426,
        "g": 0.5699999928474426,
        "b": 0.8899999856948853,
        "a": 1.0
    },
    "Shoes": "Avatar/Accessories/Feet/Sneakers/Sneakers",
    "ShoesColor": {
        "r": 0.3199999928474426,
        "g": 0.5699999928474426,
        "b": 0.8899999856948853,
        "a": 1.0
    },
    "Headwear": "",
    "HeadwearColor": {
        "r": 1.0,
        "g": 1.0,
        "b": 1.0,
        "a": 1.0
    },
    "Eyewear": "",
    "EyewearColor": {
        "r": 0.0,
        "g": 0.0,
        "b": 0.0,
        "a": 0.0
    },
    "Tattoos": [
        ""
    ]
}