{
    "Gender": 0,
    "Weight": 0.0,
    "SkinColor": {
        "r": 0.6100000143051148,
        "g": 0.49000000953674319,
        "b": 0.38999998569488528,
        "a": 1.0
    },
    "HairStyle": "Avatar/Hair/BowlCut/BowlCut",
    "HairColor": {
        "r": 0.30000001192092898,
        "g": 0.28999999165534975,
        "b": 0.8600000143051148,
        "a": 1.0
    },
    "Mouth": "Avatar/Layers/Face/Face_Neutral",
    "FacialHair": "Avatar/Layers/Face/FacialHair_Goatee",
    "FacialDetails": "",
    "FacialDetailsIntensity": 1.0,
    "EyeballColor": {
        "r": 1.0,
        "g": 0.6499999761581421,
        "b": 0.6499999761581421,
        "a": 1.0
    },
    "UpperEyeLidRestingPosition": 0.3636363446712494,
    "LowerEyeLidRestingPosition": 0.07478007674217224,
    "PupilDilation": 0.0,
    "EyebrowScale": 1.7000000476837159,
    "EyebrowThickness": 2.5,
    "EyebrowRestingHeight": 1.0,
    "EyebrowRestingAngle": -0.7624645233154297,
    "Top": "",
    "TopColor": {
        "r": 0.15000000596046449,
        "g": 0.15000000596046449,
        "b": 0.15000000596046449,
        "a": 1.0
    },
    "Bottom": "Avatar/Layers/Bottom/Jorts",
    "BottomColor": {
        "r": 0.28999999165534975,
        "g": 0.5400000214576721,
        "b": 0.1899999976158142,
        "a": 1.0
    },
    "Shoes": "Avatar/Accessories/Feet/Sandals/Sandals",
    "ShoesColor": {
        "r": 0.15000000596046449,
        "g": 0.15000000596046449,
        "b": 0.15000000596046449,
        "a": 1.0
    },
    "Headwear": "",
    "HeadwearColor": {
        "r": 1.0,
        "g": 1.0,
        "b": 1.0,
        "a": 1.0
    },
    "Eyewear": "",
    "EyewearColor": {
        "r": 0.0,
        "g": 0.0,
        "b": 0.0,
        "a": 0.0
    },
    "Tattoos": [
        "Avatar/Layers/Tattoos/Chest/Chest_Egg"
    ]
}